conhost,09.08.2024 09:52:36,09.08.2024 09:52:40
csrss,09.08.2024 09:52:36,09.08.2024 09:52:40
ctfmon,09.08.2024 09:52:36,09.08.2024 09:52:40
dllhost,09.08.2024 09:52:36,09.08.2024 09:52:40
dwm,09.08.2024 09:52:36,09.08.2024 09:52:40
explorer,09.08.2024 09:52:36,09.08.2024 09:52:40
fontdrvhost,09.08.2024 09:52:36,09.08.2024 09:52:40
fsnotifier,09.08.2024 09:52:36,09.08.2024 09:52:40
GLPI-AgentMonitor-x64,09.08.2024 09:52:36,09.08.2024 09:52:40
pycharm64,09.08.2024 09:52:36,09.08.2024 09:52:40
python,09.08.2024 09:52:36,09.08.2024 09:52:40
RuntimeBroker,09.08.2024 09:52:36,09.08.2024 09:52:40
SearchApp,09.08.2024 09:52:36,09.08.2024 09:52:40
ShellExperienceHost,09.08.2024 09:52:36,09.08.2024 09:52:40
sihost,09.08.2024 09:52:36,09.08.2024 09:52:40
StartMenuExperienceHost,09.08.2024 09:52:36,09.08.2024 09:52:40
svchost,09.08.2024 09:52:36,09.08.2024 09:52:40
taskhostw,09.08.2024 09:52:36,09.08.2024 09:52:40
TextInputHost,09.08.2024 09:52:36,09.08.2024 09:52:40
vm3dservice,09.08.2024 09:52:36,09.08.2024 09:52:40
vmtoolsd,09.08.2024 09:52:36,09.08.2024 09:52:40
winlogon,09.08.2024 09:52:36,09.08.2024 09:52:40
